{
     "id": 212214245,
     "node_id": "MDEwOlJlcG9zaXRvcnkyMTIyMTQyNDU=",
     "name": "Pyro5",
     "full_name": "tishyk/Pyro5",
     "private": false,
     "owner": {
          "login": "tishyk",
          "id": 12096951,
          "node_id": "MDQ6VXNlcjEyMDk2OTUx",
          "avatar_url": "https://avatars.githubusercontent.com/u/12096951?v=4",
          "gravatar_id": "",
          "url": "https://api.github.com/users/tishyk",
          "html_url": "https://github.com/tishyk",
          "followers_url": "https://api.github.com/users/tishyk/followers",
          "following_url": "https://api.github.com/users/tishyk/following{/other_user}",
          "gists_url": "https://api.github.com/users/tishyk/gists{/gist_id}",
          "starred_url": "https://api.github.com/users/tishyk/starred{/owner}{/repo}",
          "subscriptions_url": "https://api.github.com/users/tishyk/subscriptions",
          "organizations_url": "https://api.github.com/users/tishyk/orgs",
          "repos_url": "https://api.github.com/users/tishyk/repos",
          "events_url": "https://api.github.com/users/tishyk/events{/privacy}",
          "received_events_url": "https://api.github.com/users/tishyk/received_events",
          "type": "User",
          "site_admin": false
     },
     "html_url": "https://github.com/tishyk/Pyro5",
     "description": "Pyro 5  - Python remote objects for modern python versions",
     "fork": true,
     "url": "https://api.github.com/repos/tishyk/Pyro5",
     "forks_url": "https://api.github.com/repos/tishyk/Pyro5/forks",
     "keys_url": "https://api.github.com/repos/tishyk/Pyro5/keys{/key_id}",
     "collaborators_url": "https://api.github.com/repos/tishyk/Pyro5/collaborators{/collaborator}",
     "teams_url": "https://api.github.com/repos/tishyk/Pyro5/teams",
     "hooks_url": "https://api.github.com/repos/tishyk/Pyro5/hooks",
     "issue_events_url": "https://api.github.com/repos/tishyk/Pyro5/issues/events{/number}",
     "events_url": "https://api.github.com/repos/tishyk/Pyro5/events",
     "assignees_url": "https://api.github.com/repos/tishyk/Pyro5/assignees{/user}",
     "branches_url": "https://api.github.com/repos/tishyk/Pyro5/branches{/branch}",
     "tags_url": "https://api.github.com/repos/tishyk/Pyro5/tags",
     "blobs_url": "https://api.github.com/repos/tishyk/Pyro5/git/blobs{/sha}",
     "git_tags_url": "https://api.github.com/repos/tishyk/Pyro5/git/tags{/sha}",
     "git_refs_url": "https://api.github.com/repos/tishyk/Pyro5/git/refs{/sha}",
     "trees_url": "https://api.github.com/repos/tishyk/Pyro5/git/trees{/sha}",
     "statuses_url": "https://api.github.com/repos/tishyk/Pyro5/statuses/{sha}",
     "languages_url": "https://api.github.com/repos/tishyk/Pyro5/languages",
     "stargazers_url": "https://api.github.com/repos/tishyk/Pyro5/stargazers",
     "contributors_url": "https://api.github.com/repos/tishyk/Pyro5/contributors",
     "subscribers_url": "https://api.github.com/repos/tishyk/Pyro5/subscribers",
     "subscription_url": "https://api.github.com/repos/tishyk/Pyro5/subscription",
     "commits_url": "https://api.github.com/repos/tishyk/Pyro5/commits{/sha}",
     "git_commits_url": "https://api.github.com/repos/tishyk/Pyro5/git/commits{/sha}",
     "comments_url": "https://api.github.com/repos/tishyk/Pyro5/comments{/number}",
     "issue_comment_url": "https://api.github.com/repos/tishyk/Pyro5/issues/comments{/number}",
     "contents_url": "https://api.github.com/repos/tishyk/Pyro5/contents/{+path}",
     "compare_url": "https://api.github.com/repos/tishyk/Pyro5/compare/{base}...{head}",
     "merges_url": "https://api.github.com/repos/tishyk/Pyro5/merges",
     "archive_url": "https://api.github.com/repos/tishyk/Pyro5/{archive_format}{/ref}",
     "downloads_url": "https://api.github.com/repos/tishyk/Pyro5/downloads",
     "issues_url": "https://api.github.com/repos/tishyk/Pyro5/issues{/number}",
     "pulls_url": "https://api.github.com/repos/tishyk/Pyro5/pulls{/number}",
     "milestones_url": "https://api.github.com/repos/tishyk/Pyro5/milestones{/number}",
     "notifications_url": "https://api.github.com/repos/tishyk/Pyro5/notifications{?since,all,participating}",
     "labels_url": "https://api.github.com/repos/tishyk/Pyro5/labels{/name}",
     "releases_url": "https://api.github.com/repos/tishyk/Pyro5/releases{/id}",
     "deployments_url": "https://api.github.com/repos/tishyk/Pyro5/deployments",
     "created_at": "2019-10-01T22:53:15Z",
     "updated_at": "2019-10-01T22:53:17Z",
     "pushed_at": "2019-10-01T20:14:59Z",
     "git_url": "git://github.com/tishyk/Pyro5.git",
     "ssh_url": "git@github.com:tishyk/Pyro5.git",
     "clone_url": "https://github.com/tishyk/Pyro5.git",
     "svn_url": "https://github.com/tishyk/Pyro5",
     "homepage": "https://pyro5.readthedocs.io",
     "size": 813,
     "stargazers_count": 0,
     "watchers_count": 0,
     "language": null,
     "has_issues": false,
     "has_projects": true,
     "has_downloads": true,
     "has_wiki": true,
     "has_pages": false,
     "forks_count": 0,
     "mirror_url": null,
     "archived": false,
     "disabled": false,
     "open_issues_count": 0,
     "license": {
          "key": "mit",
          "name": "MIT License",
          "spdx_id": "MIT",
          "url": "https://api.github.com/licenses/mit",
          "node_id": "MDc6TGljZW5zZTEz"
     },
     "forks": 0,
     "open_issues": 0,
     "watchers": 0,
     "default_branch": "master",
     "permissions": {
          "admin": true,
          "maintain": true,
          "push": true,
          "triage": true,
          "pull": true
     },
     "temp_clone_token": "",
     "allow_squash_merge": true,
     "allow_merge_commit": true,
     "allow_rebase_merge": true,
     "allow_auto_merge": false,
     "delete_branch_on_merge": false,
     "parent": {
          "id": 83903998,
          "node_id": "MDEwOlJlcG9zaXRvcnk4MzkwMzk5OA==",
          "name": "Pyro5",
          "full_name": "irmen/Pyro5",
          "private": false,
          "owner": {
               "login": "irmen",
               "id": 1771820,
               "node_id": "MDQ6VXNlcjE3NzE4MjA=",
               "avatar_url": "https://avatars.githubusercontent.com/u/1771820?v=4",
               "gravatar_id": "",
               "url": "https://api.github.com/users/irmen",
               "html_url": "https://github.com/irmen",
               "followers_url": "https://api.github.com/users/irmen/followers",
               "following_url": "https://api.github.com/users/irmen/following{/other_user}",
               "gists_url": "https://api.github.com/users/irmen/gists{/gist_id}",
               "starred_url": "https://api.github.com/users/irmen/starred{/owner}{/repo}",
               "subscriptions_url": "https://api.github.com/users/irmen/subscriptions",
               "organizations_url": "https://api.github.com/users/irmen/orgs",
               "repos_url": "https://api.github.com/users/irmen/repos",
               "events_url": "https://api.github.com/users/irmen/events{/privacy}",
               "received_events_url": "https://api.github.com/users/irmen/received_events",
               "type": "User",
               "site_admin": false
          },
          "html_url": "https://github.com/irmen/Pyro5",
          "description": "Pyro 5  - Python remote objects for modern python versions",
          "fork": false,
          "url": "https://api.github.com/repos/irmen/Pyro5",
          "forks_url": "https://api.github.com/repos/irmen/Pyro5/forks",
          "keys_url": "https://api.github.com/repos/irmen/Pyro5/keys{/key_id}",
          "collaborators_url": "https://api.github.com/repos/irmen/Pyro5/collaborators{/collaborator}",
          "teams_url": "https://api.github.com/repos/irmen/Pyro5/teams",
          "hooks_url": "https://api.github.com/repos/irmen/Pyro5/hooks",
          "issue_events_url": "https://api.github.com/repos/irmen/Pyro5/issues/events{/number}",
          "events_url": "https://api.github.com/repos/irmen/Pyro5/events",
          "assignees_url": "https://api.github.com/repos/irmen/Pyro5/assignees{/user}",
          "branches_url": "https://api.github.com/repos/irmen/Pyro5/branches{/branch}",
          "tags_url": "https://api.github.com/repos/irmen/Pyro5/tags",
          "blobs_url": "https://api.github.com/repos/irmen/Pyro5/git/blobs{/sha}",
          "git_tags_url": "https://api.github.com/repos/irmen/Pyro5/git/tags{/sha}",
          "git_refs_url": "https://api.github.com/repos/irmen/Pyro5/git/refs{/sha}",
          "trees_url": "https://api.github.com/repos/irmen/Pyro5/git/trees{/sha}",
          "statuses_url": "https://api.github.com/repos/irmen/Pyro5/statuses/{sha}",
          "languages_url": "https://api.github.com/repos/irmen/Pyro5/languages",
          "stargazers_url": "https://api.github.com/repos/irmen/Pyro5/stargazers",
          "contributors_url": "https://api.github.com/repos/irmen/Pyro5/contributors",
          "subscribers_url": "https://api.github.com/repos/irmen/Pyro5/subscribers",
          "subscription_url": "https://api.github.com/repos/irmen/Pyro5/subscription",
          "commits_url": "https://api.github.com/repos/irmen/Pyro5/commits{/sha}",
          "git_commits_url": "https://api.github.com/repos/irmen/Pyro5/git/commits{/sha}",
          "comments_url": "https://api.github.com/repos/irmen/Pyro5/comments{/number}",
          "issue_comment_url": "https://api.github.com/repos/irmen/Pyro5/issues/comments{/number}",
          "contents_url": "https://api.github.com/repos/irmen/Pyro5/contents/{+path}",
          "compare_url": "https://api.github.com/repos/irmen/Pyro5/compare/{base}...{head}",
          "merges_url": "https://api.github.com/repos/irmen/Pyro5/merges",
          "archive_url": "https://api.github.com/repos/irmen/Pyro5/{archive_format}{/ref}",
          "downloads_url": "https://api.github.com/repos/irmen/Pyro5/downloads",
          "issues_url": "https://api.github.com/repos/irmen/Pyro5/issues{/number}",
          "pulls_url": "https://api.github.com/repos/irmen/Pyro5/pulls{/number}",
          "milestones_url": "https://api.github.com/repos/irmen/Pyro5/milestones{/number}",
          "notifications_url": "https://api.github.com/repos/irmen/Pyro5/notifications{?since,all,participating}",
          "labels_url": "https://api.github.com/repos/irmen/Pyro5/labels{/name}",
          "releases_url": "https://api.github.com/repos/irmen/Pyro5/releases{/id}",
          "deployments_url": "https://api.github.com/repos/irmen/Pyro5/deployments",
          "created_at": "2017-03-04T15:39:14Z",
          "updated_at": "2021-09-01T13:50:12Z",
          "pushed_at": "2021-07-23T11:18:04Z",
          "git_url": "git://github.com/irmen/Pyro5.git",
          "ssh_url": "git@github.com:irmen/Pyro5.git",
          "clone_url": "https://github.com/irmen/Pyro5.git",
          "svn_url": "https://github.com/irmen/Pyro5",
          "homepage": "https://pyro5.readthedocs.io",
          "size": 932,
          "stargazers_count": 146,
          "watchers_count": 146,
          "language": "Python",
          "has_issues": true,
          "has_projects": true,
          "has_downloads": true,
          "has_wiki": true,
          "has_pages": false,
          "forks_count": 21,
          "mirror_url": null,
          "archived": false,
          "disabled": false,
          "open_issues_count": 13,
          "license": {
               "key": "mit",
               "name": "MIT License",
               "spdx_id": "MIT",
               "url": "https://api.github.com/licenses/mit",
               "node_id": "MDc6TGljZW5zZTEz"
          },
          "forks": 21,
          "open_issues": 13,
          "watchers": 146,
          "default_branch": "master"
     },
     "source": {
          "id": 83903998,
          "node_id": "MDEwOlJlcG9zaXRvcnk4MzkwMzk5OA==",
          "name": "Pyro5",
          "full_name": "irmen/Pyro5",
          "private": false,
          "owner": {
               "login": "irmen",
               "id": 1771820,
               "node_id": "MDQ6VXNlcjE3NzE4MjA=",
               "avatar_url": "https://avatars.githubusercontent.com/u/1771820?v=4",
               "gravatar_id": "",
               "url": "https://api.github.com/users/irmen",
               "html_url": "https://github.com/irmen",
               "followers_url": "https://api.github.com/users/irmen/followers",
               "following_url": "https://api.github.com/users/irmen/following{/other_user}",
               "gists_url": "https://api.github.com/users/irmen/gists{/gist_id}",
               "starred_url": "https://api.github.com/users/irmen/starred{/owner}{/repo}",
               "subscriptions_url": "https://api.github.com/users/irmen/subscriptions",
               "organizations_url": "https://api.github.com/users/irmen/orgs",
               "repos_url": "https://api.github.com/users/irmen/repos",
               "events_url": "https://api.github.com/users/irmen/events{/privacy}",
               "received_events_url": "https://api.github.com/users/irmen/received_events",
               "type": "User",
               "site_admin": false
          },
          "html_url": "https://github.com/irmen/Pyro5",
          "description": "Pyro 5  - Python remote objects for modern python versions",
          "fork": false,
          "url": "https://api.github.com/repos/irmen/Pyro5",
          "forks_url": "https://api.github.com/repos/irmen/Pyro5/forks",
          "keys_url": "https://api.github.com/repos/irmen/Pyro5/keys{/key_id}",
          "collaborators_url": "https://api.github.com/repos/irmen/Pyro5/collaborators{/collaborator}",
          "teams_url": "https://api.github.com/repos/irmen/Pyro5/teams",
          "hooks_url": "https://api.github.com/repos/irmen/Pyro5/hooks",
          "issue_events_url": "https://api.github.com/repos/irmen/Pyro5/issues/events{/number}",
          "events_url": "https://api.github.com/repos/irmen/Pyro5/events",
          "assignees_url": "https://api.github.com/repos/irmen/Pyro5/assignees{/user}",
          "branches_url": "https://api.github.com/repos/irmen/Pyro5/branches{/branch}",
          "tags_url": "https://api.github.com/repos/irmen/Pyro5/tags",
          "blobs_url": "https://api.github.com/repos/irmen/Pyro5/git/blobs{/sha}",
          "git_tags_url": "https://api.github.com/repos/irmen/Pyro5/git/tags{/sha}",
          "git_refs_url": "https://api.github.com/repos/irmen/Pyro5/git/refs{/sha}",
          "trees_url": "https://api.github.com/repos/irmen/Pyro5/git/trees{/sha}",
          "statuses_url": "https://api.github.com/repos/irmen/Pyro5/statuses/{sha}",
          "languages_url": "https://api.github.com/repos/irmen/Pyro5/languages",
          "stargazers_url": "https://api.github.com/repos/irmen/Pyro5/stargazers",
          "contributors_url": "https://api.github.com/repos/irmen/Pyro5/contributors",
          "subscribers_url": "https://api.github.com/repos/irmen/Pyro5/subscribers",
          "subscription_url": "https://api.github.com/repos/irmen/Pyro5/subscription",
          "commits_url": "https://api.github.com/repos/irmen/Pyro5/commits{/sha}",
          "git_commits_url": "https://api.github.com/repos/irmen/Pyro5/git/commits{/sha}",
          "comments_url": "https://api.github.com/repos/irmen/Pyro5/comments{/number}",
          "issue_comment_url": "https://api.github.com/repos/irmen/Pyro5/issues/comments{/number}",
          "contents_url": "https://api.github.com/repos/irmen/Pyro5/contents/{+path}",
          "compare_url": "https://api.github.com/repos/irmen/Pyro5/compare/{base}...{head}",
          "merges_url": "https://api.github.com/repos/irmen/Pyro5/merges",
          "archive_url": "https://api.github.com/repos/irmen/Pyro5/{archive_format}{/ref}",
          "downloads_url": "https://api.github.com/repos/irmen/Pyro5/downloads",
          "issues_url": "https://api.github.com/repos/irmen/Pyro5/issues{/number}",
          "pulls_url": "https://api.github.com/repos/irmen/Pyro5/pulls{/number}",
          "milestones_url": "https://api.github.com/repos/irmen/Pyro5/milestones{/number}",
          "notifications_url": "https://api.github.com/repos/irmen/Pyro5/notifications{?since,all,participating}",
          "labels_url": "https://api.github.com/repos/irmen/Pyro5/labels{/name}",
          "releases_url": "https://api.github.com/repos/irmen/Pyro5/releases{/id}",
          "deployments_url": "https://api.github.com/repos/irmen/Pyro5/deployments",
          "created_at": "2017-03-04T15:39:14Z",
          "updated_at": "2021-09-01T13:50:12Z",
          "pushed_at": "2021-07-23T11:18:04Z",
          "git_url": "git://github.com/irmen/Pyro5.git",
          "ssh_url": "git@github.com:irmen/Pyro5.git",
          "clone_url": "https://github.com/irmen/Pyro5.git",
          "svn_url": "https://github.com/irmen/Pyro5",
          "homepage": "https://pyro5.readthedocs.io",
          "size": 932,
          "stargazers_count": 146,
          "watchers_count": 146,
          "language": "Python",
          "has_issues": true,
          "has_projects": true,
          "has_downloads": true,
          "has_wiki": true,
          "has_pages": false,
          "forks_count": 21,
          "mirror_url": null,
          "archived": false,
          "disabled": [false,
               true     ],
          "open_issues_count": 13,
          "license": {
               "key": "mit",
               "name": "MIT License",
               "spdx_id": "MIT",
               "url": "https://api.github.com/licenses/mit",
               "node_id": "MDc6TGljZW5zZTEz"
          },
          "forks": 21,
          "open_issues": 13,
          "watchers": 146,
          "default_branch": "master"
     },
     "network_count": 21,
     "subscribers_count": 0
}