<TISHYK-WIN10>
    <system>
        <system_item item="NUMBER_OF_PROCESSORS" remote="true" sys_item="default">default value</system_item>
        <system_item item="OS" remote="true" sys_item="default">default value</system_item>
        <system_item item="PROCESSOR_ARCHITECTURE" remote="true" sys_item="default">default value</system_item>
        <system_item item="PROCESSOR_ARCHITEW6432" remote="true" sys_item="default">default value</system_item>
        <system_item item="PROCESSOR_IDENTIFIER" remote="true" sys_item="default">default value</system_item>
        <system_item item="PROCESSOR_LEVEL" remote="true" sys_item="default">default value</system_item>
        <system_item item="PROCESSOR_REVISION" remote="true" sys_item="default">default value</system_item>
        <system_item item="PYCHARM_HOSTED" remote="true" sys_item="default">default value</system_item>
    </system>
</TISHYK-WIN10>